{
  "name": "image-zoom",
  "version": "2.2.1",
  "title": "EasyZoom, jQuery image zoom plugin",
  "description": "EasyZoom is an elegant, highly optimised jQuery image zoom and panning plugin based on the original work by Alen Grakalic. EasyZoom supports touch-enabled devices and is easily customisable with CSS.",
  "keywords": [
    "zoom",
    "image",
    "flyout",
    "panning"
  ],
  "author": {
    "name": "Matt Hinchliffe",
    "url": "http://maketea.co.uk"
  },
  "licenses": [
    {
      "type": "MIT",
      "url": "http://opensource.org/licenses/MIT"
    }
  ],
  "bugs": "https://github.com/i-like-robots/EasyZoom/issues",
  "homepage": "http://i-like-robots.github.io/EasyZoom/",
  "demo": "http://i-like-robots.github.io/EasyZoom/",
  "dependencies": {
    "jquery": ">=1.7"
  }
}
